CREATE DATABASE  IF NOT EXISTS `oet2` /*!40100 DEFAULT CHARACTER SET utf8 */;
USE `oet2`;
-- MySQL dump 10.13  Distrib 5.1.40, for Win32 (ia32)
--
-- Host: localhost    Database: oet2
-- ------------------------------------------------------
-- Server version	5.5.8-log

/*!40101 SET @OLD_CHARACTER_SET_CLIENT=@@CHARACTER_SET_CLIENT */;
/*!40101 SET @OLD_CHARACTER_SET_RESULTS=@@CHARACTER_SET_RESULTS */;
/*!40101 SET @OLD_COLLATION_CONNECTION=@@COLLATION_CONNECTION */;
/*!40101 SET NAMES utf8 */;
/*!40103 SET @OLD_TIME_ZONE=@@TIME_ZONE */;
/*!40103 SET TIME_ZONE='+00:00' */;
/*!40014 SET @OLD_UNIQUE_CHECKS=@@UNIQUE_CHECKS, UNIQUE_CHECKS=0 */;
/*!40014 SET @OLD_FOREIGN_KEY_CHECKS=@@FOREIGN_KEY_CHECKS, FOREIGN_KEY_CHECKS=0 */;
/*!40101 SET @OLD_SQL_MODE=@@SQL_MODE, SQL_MODE='NO_AUTO_VALUE_ON_ZERO' */;
/*!40111 SET @OLD_SQL_NOTES=@@SQL_NOTES, SQL_NOTES=0 */;

--
-- Table structure for table `drivelogs`
--

DROP TABLE IF EXISTS `drivelogs`;
/*!40101 SET @saved_cs_client     = @@character_set_client */;
/*!40101 SET character_set_client = utf8 */;
CREATE TABLE `drivelogs` (
  `id` int(11) NOT NULL AUTO_INCREMENT,
  `routeid` int(11) DEFAULT NULL,
  `lat` float DEFAULT NULL,
  `lon` float DEFAULT NULL,
  `logtime` datetime DEFAULT NULL,
  `loggerid` int(11) DEFAULT NULL,
  PRIMARY KEY (`id`),
  KEY `fk_drivelogs_routes` (`routeid`),
  KEY `fk_drivelogs_loggers` (`loggerid`),
  KEY `idx_drivelogs_logtime` (`logtime`),
  CONSTRAINT `fk_drivelogs_loggers` FOREIGN KEY (`loggerid`) REFERENCES `loggers` (`id`),
  CONSTRAINT `fk_drivelogs_routes` FOREIGN KEY (`routeid`) REFERENCES `routes` (`id`)
) ENGINE=InnoDB AUTO_INCREMENT=540 DEFAULT CHARSET=utf8;
/*!40101 SET character_set_client = @saved_cs_client */;

--
-- Dumping data for table `drivelogs`
--

LOCK TABLES `drivelogs` WRITE;
/*!40000 ALTER TABLE `drivelogs` DISABLE KEYS */;
INSERT INTO `drivelogs` VALUES (355,2,47.0916,15.8813,'2014-03-27 23:42:56',1),(356,2,47.0912,15.8829,'2014-03-27 23:43:06',1),(357,2,47.0908,15.8852,'2014-03-27 23:43:16',1),(358,2,47.0903,15.8872,'2014-03-27 23:43:26',1),(359,2,47.0899,15.8895,'2014-03-27 23:43:36',1),(360,2,47.0898,15.8902,'2014-03-27 23:43:46',1),(361,2,47.0895,15.8917,'2014-03-27 23:43:56',1),(362,2,47.0891,15.8948,'2014-03-27 23:44:06',1),(363,2,47.0891,15.8954,'2014-03-27 23:44:16',1),(364,2,47.0891,15.8954,'2014-03-27 23:44:26',1),(365,2,47.0892,15.8983,'2014-03-27 23:44:36',1),(366,2,47.0894,15.901,'2014-03-27 23:44:46',1),(367,2,47.0903,15.9039,'2014-03-27 23:44:56',1),(368,2,47.0909,15.9068,'2014-03-27 23:45:06',1),(369,2,47.0906,15.9091,'2014-03-27 23:45:16',1),(370,2,47.0905,15.9094,'2014-03-27 23:45:26',1),(371,2,47.0905,15.9094,'2014-03-27 23:45:37',1),(372,2,47.0899,15.9112,'2014-03-27 23:45:47',1),(373,2,47.089,15.9136,'2014-03-27 23:45:57',1),(374,2,47.0879,15.9157,'2014-03-27 23:46:07',1),(375,2,47.0872,15.9178,'2014-03-27 23:46:17',1),(376,2,47.0871,15.922,'2014-03-27 23:46:27',1),(377,2,47.087,15.9219,'2014-03-27 23:46:37',1),(378,2,47.0869,15.9236,'2014-03-27 23:46:47',1),(379,2,47.0865,15.9251,'2014-03-27 23:46:57',1),(380,2,47.0865,15.9263,'2014-03-27 23:47:07',1),(381,2,47.0864,15.9266,'2014-03-27 23:47:17',1),(382,2,47.0864,15.9266,'2014-03-27 23:47:27',1),(383,2,47.0864,15.9273,'2014-03-27 23:47:37',1),(384,2,47.0863,15.9273,'2014-03-27 23:47:47',1),(385,2,47.0863,15.9282,'2014-03-27 23:47:57',1),(386,2,47.0864,15.9305,'2014-03-27 23:48:07',1),(387,2,47.0863,15.933,'2014-03-27 23:48:17',1),(388,2,47.0856,15.9354,'2014-03-27 23:48:27',1),(389,2,47.0848,15.9379,'2014-03-27 23:48:37',1),(390,2,47.084,15.9405,'2014-03-27 23:48:47',1),(391,2,47.0834,15.9426,'2014-03-27 23:48:57',1),(392,2,47.0834,15.9426,'2014-03-27 23:49:07',1),(393,2,47.0831,15.9433,'2014-03-27 23:49:17',1),(394,2,47.083,15.9433,'2014-03-27 23:49:27',1),(395,2,47.083,15.9446,'2014-03-27 23:49:37',1),(396,2,47.0833,15.9467,'2014-03-27 23:49:47',1),(397,2,47.0834,15.9497,'2014-03-27 23:49:57',1),(398,2,47.083,15.9527,'2014-03-27 23:50:07',1),(399,2,47.0827,15.9551,'2014-03-27 23:50:17',1),(400,2,47.0819,15.9578,'2014-03-27 23:50:27',1),(401,2,47.0808,15.9603,'2014-03-27 23:50:37',1),(402,2,47.0797,15.9623,'2014-03-27 23:50:47',1),(403,2,47.0787,15.9642,'2014-03-27 23:50:57',1),(404,2,47.0776,15.9662,'2014-03-27 23:51:07',1),(405,2,47.0764,15.9686,'2014-03-27 23:51:17',1),(406,2,47.0754,15.9714,'2014-03-27 23:51:27',1),(407,2,47.0746,15.9738,'2014-03-27 23:51:37',1),(408,2,47.0746,15.9738,'2014-03-27 23:51:47',1),(409,2,47.0737,15.9768,'2014-03-27 23:51:57',1),(410,2,47.0733,15.9795,'2014-03-27 23:52:07',1),(411,2,47.0734,15.9826,'2014-03-27 23:52:17',1),(412,2,47.074,15.9853,'2014-03-27 23:52:27',1),(413,2,47.0747,15.9873,'2014-03-27 23:52:37',1),(414,2,47.0755,15.9893,'2014-03-27 23:52:47',1),(415,2,47.0764,15.9907,'2014-03-27 23:52:57',1),(416,2,47.0773,15.9921,'2014-03-27 23:53:07',1),(417,2,47.0778,15.9935,'2014-03-27 23:53:17',1),(418,2,47.0776,15.9941,'2014-03-27 23:53:27',1),(419,2,47.0776,15.9941,'2014-03-27 23:53:37',1),(420,2,47.0774,15.9946,'2014-03-27 23:53:47',1),(421,2,47.0773,15.9947,'2014-03-27 23:53:57',1),(422,2,47.0773,15.9948,'2014-03-27 23:54:07',1),(423,2,47.0773,15.9948,'2014-03-27 23:54:17',1),(424,2,47.0773,15.9949,'2014-03-27 23:54:27',1),(425,2,47.0773,15.9949,'2014-03-27 23:54:37',1),(426,2,47.0916,15.8813,'2014-03-27 23:54:47',1),(427,2,47.0912,15.8829,'2014-03-27 23:54:57',1),(428,2,47.0908,15.8852,'2014-03-27 23:55:07',1),(429,2,47.0903,15.8872,'2014-03-27 23:55:17',1),(430,2,47.0899,15.8895,'2014-03-27 23:55:27',1),(431,2,47.0898,15.8902,'2014-03-27 23:55:37',1),(432,2,47.0895,15.8917,'2014-03-27 23:55:47',1),(433,2,47.0891,15.8948,'2014-03-27 23:55:57',1),(434,2,47.0891,15.8954,'2014-03-27 23:56:07',1),(435,2,47.0891,15.8954,'2014-03-27 23:56:17',1),(436,2,47.0892,15.8983,'2014-03-27 23:56:27',1),(437,2,47.0894,15.901,'2014-03-27 23:56:37',1),(438,2,47.0903,15.9039,'2014-03-27 23:56:47',1),(439,2,47.0909,15.9068,'2014-03-27 23:56:57',1),(440,2,47.0906,15.9091,'2014-03-27 23:57:07',1),(441,2,47.0905,15.9094,'2014-03-27 23:57:17',1),(442,2,47.0905,15.9094,'2014-03-27 23:57:27',1),(443,2,47.0899,15.9112,'2014-03-27 23:57:37',1),(444,2,47.089,15.9136,'2014-03-27 23:57:47',1),(445,2,47.0879,15.9157,'2014-03-27 23:57:57',1),(446,2,47.0872,15.9178,'2014-03-27 23:58:07',1),(447,2,47.0871,15.922,'2014-03-27 23:58:17',1),(448,2,47.087,15.9219,'2014-03-27 23:58:27',1),(449,2,47.0869,15.9236,'2014-03-27 23:58:37',1),(450,2,47.0865,15.9251,'2014-03-27 23:58:47',1),(451,2,47.0865,15.9263,'2014-03-27 23:58:57',1),(452,2,47.0864,15.9266,'2014-03-27 23:59:07',1),(453,2,47.0864,15.9266,'2014-03-27 23:59:17',1),(454,2,47.0864,15.9273,'2014-03-27 23:59:27',1),(455,2,47.0863,15.9273,'2014-03-27 23:59:37',1),(456,2,47.0863,15.9282,'2014-03-27 23:59:47',1),(457,2,47.0864,15.9305,'2014-03-27 23:59:57',1),(458,2,47.0863,15.933,'2014-03-28 00:00:07',1),(459,2,47.0856,15.9354,'2014-03-28 00:00:17',1),(460,2,47.0848,15.9379,'2014-03-28 00:00:27',1),(461,2,47.084,15.9405,'2014-03-28 00:00:37',1),(462,2,47.0834,15.9426,'2014-03-28 00:00:47',1),(463,2,47.0834,15.9426,'2014-03-28 00:00:57',1),(464,2,47.0831,15.9433,'2014-03-28 00:01:07',1),(465,2,47.083,15.9433,'2014-03-28 00:01:17',1),(466,2,47.083,15.9446,'2014-03-28 00:01:27',1),(467,2,47.0833,15.9467,'2014-03-28 00:01:37',1),(468,2,47.0834,15.9497,'2014-03-28 00:01:47',1),(469,2,47.083,15.9527,'2014-03-28 00:01:57',1),(470,2,47.0827,15.9551,'2014-03-28 00:02:07',1),(471,2,47.0819,15.9578,'2014-03-28 00:02:17',1),(472,2,47.0808,15.9603,'2014-03-28 00:02:27',1),(473,2,47.0797,15.9623,'2014-03-28 00:02:37',1),(474,2,47.0787,15.9642,'2014-03-28 00:02:47',1),(475,2,47.0776,15.9662,'2014-03-28 00:02:57',1),(476,2,47.0764,15.9686,'2014-03-28 00:03:07',1),(477,2,47.0754,15.9714,'2014-03-28 00:03:17',1),(478,2,47.0746,15.9738,'2014-03-28 00:03:27',1),(479,2,47.0746,15.9738,'2014-03-28 00:03:37',1),(480,2,47.0737,15.9768,'2014-03-28 00:03:47',1),(481,2,47.0733,15.9795,'2014-03-28 00:03:57',1),(482,2,47.0734,15.9826,'2014-03-28 00:04:07',1),(483,2,47.074,15.9853,'2014-03-28 00:04:17',1),(484,2,47.0747,15.9873,'2014-03-28 00:04:27',1),(485,2,47.0755,15.9893,'2014-03-28 00:04:37',1),(486,2,47.0764,15.9907,'2014-03-28 00:04:47',1),(487,2,47.0773,15.9921,'2014-03-28 00:04:57',1),(488,2,47.0778,15.9935,'2014-03-28 00:05:08',1),(489,2,47.0776,15.9941,'2014-03-28 00:05:18',1),(490,2,47.0776,15.9941,'2014-03-28 00:05:28',1),(491,2,47.0774,15.9946,'2014-03-28 00:05:38',1),(492,2,47.0773,15.9947,'2014-03-28 00:05:48',1),(493,2,47.0773,15.9948,'2014-03-28 00:05:58',1),(494,2,47.0773,15.9948,'2014-03-28 00:06:08',1),(495,2,47.0773,15.9949,'2014-03-28 00:06:18',1),(496,2,47.0773,15.9949,'2014-03-28 00:06:28',1),(497,2,47.0916,15.8813,'2014-03-28 00:06:38',1),(498,2,47.0812,15.9884,'2014-04-22 14:30:17',1),(499,2,47.0812,15.9884,'2014-04-22 14:30:27',1),(500,2,47.0916,15.8813,'2014-04-24 19:06:04',1),(501,2,47.0912,15.8829,'2014-04-24 19:06:14',1),(502,2,47.0916,15.8813,'2014-04-24 19:06:57',1),(503,2,47.0912,15.8829,'2014-04-24 19:07:08',1),(504,2,47.0908,15.8852,'2014-04-24 19:07:18',1),(505,2,47.0903,15.8872,'2014-04-24 19:07:28',1),(506,2,47.0899,15.8895,'2014-04-24 19:07:38',1),(507,2,47.0898,15.8902,'2014-04-24 19:07:48',1),(508,2,47.0895,15.8917,'2014-04-24 19:07:58',1),(509,2,47.0891,15.8948,'2014-04-24 19:08:08',1),(510,2,47.0891,15.8954,'2014-04-24 19:08:18',1),(511,2,47.0891,15.8954,'2014-04-24 19:08:28',1),(512,2,47.0892,15.8983,'2014-04-24 19:08:38',1),(513,2,47.0894,15.901,'2014-04-24 19:08:48',1),(514,2,47.0903,15.9039,'2014-04-24 19:08:58',1),(515,2,47.0909,15.9068,'2014-04-24 19:09:08',1),(516,2,47.0906,15.9091,'2014-04-24 19:09:18',1),(517,2,47.0916,15.8813,'2014-04-24 19:09:39',1),(518,2,47.0912,15.8829,'2014-04-24 19:09:49',1),(519,2,47.058,15.4436,'2014-04-28 22:52:13',1),(520,2,47.058,15.4436,'2014-04-28 22:52:23',1),(521,2,47.0916,15.8813,'2014-06-09 16:19:22',1),(522,2,47.0912,15.8829,'2014-06-09 16:19:32',1),(523,2,47.0908,15.8852,'2014-06-09 16:19:42',1),(524,2,47.0903,15.8872,'2014-06-09 16:19:52',1),(525,2,47.0899,15.8895,'2014-06-09 16:20:02',1),(526,2,47.0898,15.8902,'2014-06-09 16:20:12',1),(527,2,47.0895,15.8917,'2014-06-09 16:20:22',1),(528,2,47.0891,15.8948,'2014-06-09 16:20:32',1),(529,2,47.0891,15.8954,'2014-06-09 16:20:42',1),(530,2,47.0916,15.8813,'2014-06-10 15:10:28',1),(531,2,47.0912,15.8829,'2014-06-10 15:10:38',1),(532,2,47.0908,15.8852,'2014-06-10 15:10:48',1),(533,2,47.0903,15.8872,'2014-06-10 15:10:58',1),(534,2,47.0899,15.8895,'2014-06-10 15:11:08',1),(535,2,47.0898,15.8902,'2014-06-10 15:11:18',1),(536,2,47.0895,15.8917,'2014-06-10 15:11:28',1),(537,2,47.0891,15.8948,'2014-06-10 15:11:39',1),(538,2,47.0891,15.8954,'2014-06-10 15:11:49',1),(539,2,47.0891,15.8954,'2014-06-10 15:11:59',1);
/*!40000 ALTER TABLE `drivelogs` ENABLE KEYS */;
UNLOCK TABLES;

--
-- Table structure for table `loggers`
--

DROP TABLE IF EXISTS `loggers`;
/*!40101 SET @saved_cs_client     = @@character_set_client */;
/*!40101 SET character_set_client = utf8 */;
CREATE TABLE `loggers` (
  `id` int(11) NOT NULL AUTO_INCREMENT,
  `name` varchar(30) DEFAULT NULL,
  `pwhash` varchar(40) DEFAULT NULL,
  `email` varchar(50) DEFAULT NULL,
  `active` varchar(1) DEFAULT NULL,
  PRIMARY KEY (`id`),
  UNIQUE KEY `name` (`name`)
) ENGINE=InnoDB AUTO_INCREMENT=2 DEFAULT CHARSET=utf8;
/*!40101 SET character_set_client = @saved_cs_client */;

--
-- Dumping data for table `loggers`
--

LOCK TABLES `loggers` WRITE;
/*!40000 ALTER TABLE `loggers` DISABLE KEYS */;
INSERT INTO `loggers` VALUES (1,'test','7110eda4d09e062aa5e4a390b0a572ac0d2c0220','test@oeffitrack.com','Y');
/*!40000 ALTER TABLE `loggers` ENABLE KEYS */;
UNLOCK TABLES;

--
-- Table structure for table `admins`
--

DROP TABLE IF EXISTS `admins`;
/*!40101 SET @saved_cs_client     = @@character_set_client */;
/*!40101 SET character_set_client = utf8 */;
CREATE TABLE `admins` (
  `id` int(11) NOT NULL AUTO_INCREMENT,
  `name` varchar(30) DEFAULT NULL,
  `pwhash` varchar(40) DEFAULT NULL,
  `email` varchar(50) DEFAULT NULL,
  `active` varchar(1) DEFAULT NULL,
  PRIMARY KEY (`id`),
  UNIQUE KEY `name` (`name`)
) ENGINE=InnoDB DEFAULT CHARSET=utf8;
/*!40101 SET character_set_client = @saved_cs_client */;

--
-- Dumping data for table `admins`
--

LOCK TABLES `admins` WRITE;
/*!40000 ALTER TABLE `admins` DISABLE KEYS */;
/*!40000 ALTER TABLE `admins` ENABLE KEYS */;
UNLOCK TABLES;

--
-- Table structure for table `routelogs`
--

DROP TABLE IF EXISTS `routelogs`;
/*!40101 SET @saved_cs_client     = @@character_set_client */;
/*!40101 SET character_set_client = utf8 */;
CREATE TABLE `routelogs` (
  `id` int(11) NOT NULL AUTO_INCREMENT,
  `routepointid` int(11) DEFAULT NULL,
  `logtime` datetime DEFAULT NULL,
  `lat` float DEFAULT NULL,
  `lon` float DEFAULT NULL,
  `loggerid` int(11) DEFAULT NULL,
  PRIMARY KEY (`id`),
  KEY `fk_routelogs_routepoints` (`routepointid`),
  KEY `idx_routelogs_logtime` (`logtime`),
  CONSTRAINT `fk_routelogs_routepoints` FOREIGN KEY (`routepointid`) REFERENCES `routepoints` (`id`)
) ENGINE=InnoDB AUTO_INCREMENT=62 DEFAULT CHARSET=utf8;
/*!40101 SET character_set_client = @saved_cs_client */;

--
-- Dumping data for table `routelogs`
--

LOCK TABLES `routelogs` WRITE;
/*!40000 ALTER TABLE `routelogs` DISABLE KEYS */;
INSERT INTO `routelogs` VALUES (49,1,'2014-03-27 23:42:56',47.0916,15.8813,1),(50,2,'2014-03-27 23:44:16',47.0891,15.8954,1),(51,3,'2014-03-27 23:45:26',47.0905,15.9094,1),(52,4,'2014-03-27 23:47:17',47.0864,15.9266,1),(53,5,'2014-03-27 23:48:57',47.0834,15.9426,1),(54,6,'2014-03-27 23:51:37',47.0746,15.9738,1),(55,7,'2014-03-27 23:53:27',47.0776,15.9941,1),(56,1,'2014-04-24 19:06:04',47.0916,15.8813,1),(57,2,'2014-04-24 19:08:18',47.0891,15.8954,1),(58,1,'2014-06-09 16:19:22',47.0916,15.8813,1),(59,2,'2014-06-09 16:20:42',47.0891,15.8954,1),(60,1,'2014-06-10 15:10:28',47.0916,15.8813,1),(61,2,'2014-06-10 15:11:49',47.0891,15.8954,1);
/*!40000 ALTER TABLE `routelogs` ENABLE KEYS */;
UNLOCK TABLES;

--
-- Table structure for table `routepoints`
--

DROP TABLE IF EXISTS `routepoints`;
/*!40101 SET @saved_cs_client     = @@character_set_client */;
/*!40101 SET character_set_client = utf8 */;
CREATE TABLE `routepoints` (
  `id` int(11) NOT NULL AUTO_INCREMENT,
  `routeid` int(11) DEFAULT NULL,
  `busstopid` int(11) DEFAULT NULL,
  `stopnr` int(11) DEFAULT NULL,
  `stoptime` time DEFAULT NULL,
  PRIMARY KEY (`id`),
  UNIQUE KEY `un_stopnr_routeid` (`routeid`,`stopnr`),
  KEY `fk_routepoints_busstops` (`busstopid`),
  CONSTRAINT `fk_routepoints_busstops` FOREIGN KEY (`busstopid`) REFERENCES `busstops` (`id`),
  CONSTRAINT `fk_routepoints_routes` FOREIGN KEY (`routeid`) REFERENCES `routes` (`id`)
) ENGINE=InnoDB AUTO_INCREMENT=8 DEFAULT CHARSET=utf8;
/*!40101 SET character_set_client = @saved_cs_client */;

--
-- Dumping data for table `routepoints`
--

LOCK TABLES `routepoints` WRITE;
/*!40000 ALTER TABLE `routepoints` DISABLE KEYS */;
INSERT INTO `routepoints` VALUES (1,2,9,1,'09:10:00'),(2,2,8,2,'09:12:00'),(3,2,7,3,'09:14:00'),(4,2,6,4,'09:15:00'),(5,2,5,5,'09:16:00'),(6,2,4,6,'09:18:00'),(7,2,3,7,'09:20:00');
/*!40000 ALTER TABLE `routepoints` ENABLE KEYS */;
UNLOCK TABLES;

--
-- Table structure for table `routes`
--

DROP TABLE IF EXISTS `routes`;
/*!40101 SET @saved_cs_client     = @@character_set_client */;
/*!40101 SET character_set_client = utf8 */;
CREATE TABLE `routes` (
  `id` int(11) NOT NULL AUTO_INCREMENT,
  `name` varchar(50) DEFAULT NULL,
  PRIMARY KEY (`id`)
) ENGINE=InnoDB AUTO_INCREMENT=3 DEFAULT CHARSET=utf8;
/*!40101 SET character_set_client = @saved_cs_client */;

--
-- Dumping data for table `routes`
--

LOCK TABLES `routes` WRITE;
/*!40000 ALTER TABLE `routes` DISABLE KEYS */;
INSERT INTO `routes` VALUES (2,'Nestelbach-Großwilfersdorf');
/*!40000 ALTER TABLE `routes` ENABLE KEYS */;
UNLOCK TABLES;

--
-- Table structure for table `busstops`
--

DROP TABLE IF EXISTS `busstops`;
/*!40101 SET @saved_cs_client     = @@character_set_client */;
/*!40101 SET character_set_client = utf8 */;
CREATE TABLE `busstops` (
  `id` int(11) NOT NULL AUTO_INCREMENT,
  `name` varchar(50) DEFAULT NULL,
  `lat` float DEFAULT NULL,
  `lon` float DEFAULT NULL,
  PRIMARY KEY (`id`),
  KEY `idx_busstops_name` (`name`(10)),
  KEY `idx_busstops_lat` (`lat`),
  KEY `idx_busstops_lon` (`lon`)
) ENGINE=InnoDB AUTO_INCREMENT=20 DEFAULT CHARSET=utf8;
/*!40101 SET character_set_client = @saved_cs_client */;

--
-- Dumping data for table `busstops`
--

LOCK TABLES `busstops` WRITE;
/*!40000 ALTER TABLE `busstops` DISABLE KEYS */;
INSERT INTO `busstops` VALUES (3,'Großwilfersdorf Postamt',47.0774,15.9946),(4,'Hainfeld b. Fürstenfeld',47.0745,15.974),(5,'Neudorf b. Ilz Bundesstraße',47.0833,15.943),(6,'Ilz Hauptplatz',47.0865,15.9273),(7,'Dörfl b. Ilz',47.0903,15.9101),(8,'Mutzenfeld Bundesstraße/Abzw Ort',47.089,15.8956),(9,'Nestelbach im Ilztal Marterer',47.0914,15.8817),(10,'Bla',1,2),(11,'Stop1',15,13),(12,'Stop1',15.1,13.07),(13,'Stop2',15.1,13.07),(14,'Stop3',15.07,13.09),(15,'Stop3',15.07,13.09),(16,'stop4',15.1,13.1),(17,'stop4',15.1,13.1),(18,'1',1,1),(19,'6',2,3);
/*!40000 ALTER TABLE `busstops` ENABLE KEYS */;
UNLOCK TABLES;
/*!40103 SET TIME_ZONE=@OLD_TIME_ZONE */;

/*!40101 SET SQL_MODE=@OLD_SQL_MODE */;
/*!40014 SET FOREIGN_KEY_CHECKS=@OLD_FOREIGN_KEY_CHECKS */;
/*!40014 SET UNIQUE_CHECKS=@OLD_UNIQUE_CHECKS */;
/*!40101 SET CHARACTER_SET_CLIENT=@OLD_CHARACTER_SET_CLIENT */;
/*!40101 SET CHARACTER_SET_RESULTS=@OLD_CHARACTER_SET_RESULTS */;
/*!40101 SET COLLATION_CONNECTION=@OLD_COLLATION_CONNECTION */;
/*!40111 SET SQL_NOTES=@OLD_SQL_NOTES */;

-- Dump completed on 2014-06-10 16:13:47
